Customer_ID,Transaction_Date,Transaction_Amount,Transaction_Type,Month
1051,2023-01-01,8043,Deposit,2023-01
1092,2023-01-02,6991,Withdrawal,2023-01
1014,2023-01-03,6838,Deposit,2023-01
1071,2023-01-04,2572,Deposit,2023-01
1060,2023-01-05,2839,Withdrawal,2023-01
1020,2023-01-06,5501,Withdrawal,2023-01
1082,2023-01-07,1861,Withdrawal,2023-01
1086,2023-01-08,976,Deposit,2023-01
1074,2023-01-09,3912,Deposit,2023-01
1074,2023-01-10,9604,Withdrawal,2023-01
1087,2023-01-11,1560,Withdrawal,2023-01
1099,2023-01-12,1833,Withdrawal,2023-01
1023,2023-01-13,1705,Withdrawal,2023-01
1002,2023-01-14,5722,Withdrawal,2023-01
1021,2023-01-15,6867,Withdrawal,2023-01
1052,2023-01-16,7086,Deposit,2023-01
1001,2023-01-17,3617,Deposit,2023-01
1087,2023-01-18,3835,Deposit,2023-01
1029,2023-01-19,9452,Withdrawal,2023-01
1037,2023-01-20,8534,Withdrawal,2023-01
1001,2023-01-21,2690,Withdrawal,2023-01
1063,2023-01-22,1163,Withdrawal,2023-01
1059,2023-01-23,4424,Withdrawal,2023-01
1020,2023-01-24,9211,Withdrawal,2023-01
1032,2023-01-25,5442,Deposit,2023-01
1075,2023-01-26,105,Deposit,2023-01
1057,2023-01-27,7589,Withdrawal,2023-01
1021,2023-01-28,8759,Deposit,2023-01
1088,2023-01-29,8295,Withdrawal,2023-01
1048,2023-01-30,6066,Deposit,2023-01
1090,2023-01-31,8937,Withdrawal,2023-01
1058,2023-02-01,217,Withdrawal,2023-02
1041,2023-02-02,2651,Deposit,2023-02
1091,2023-02-03,5660,Deposit,2023-02
1059,2023-02-04,4389,Withdrawal,2023-02
1079,2023-02-05,946,Withdrawal,2023-02
1014,2023-02-06,6416,Deposit,2023-02
1061,2023-02-07,6569,Deposit,2023-02
1061,2023-02-08,9433,Withdrawal,2023-02
1046,2023-02-09,9015,Deposit,2023-02
1061,2023-02-10,324,Withdrawal,2023-02
1050,2023-02-11,4308,Withdrawal,2023-02
1054,2023-02-12,6383,Withdrawal,2023-02
1063,2023-02-13,2148,Withdrawal,2023-02
1002,2023-02-14,6333,Deposit,2023-02
1050,2023-02-15,9865,Deposit,2023-02
1006,2023-02-16,1928,Deposit,2023-02
1020,2023-02-17,2017,Deposit,2023-02
1072,2023-02-18,4334,Deposit,2023-02
1038,2023-02-19,7088,Deposit,2023-02
1017,2023-02-20,2126,Deposit,2023-02
1003,2023-02-21,3844,Withdrawal,2023-02
1088,2023-02-22,9193,Deposit,2023-02
1059,2023-02-23,109,Deposit,2023-02
1013,2023-02-24,360,Withdrawal,2023-02
1008,2023-02-25,6138,Deposit,2023-02
1089,2023-02-26,9965,Deposit,2023-02
1052,2023-02-27,2319,Withdrawal,2023-02
1001,2023-02-28,7141,Deposit,2023-02
1083,2023-03-01,2160,Deposit,2023-03
1091,2023-03-02,5387,Deposit,2023-03
1059,2023-03-03,1719,Withdrawal,2023-03
1070,2023-03-04,8612,Deposit,2023-03
1043,2023-03-05,1442,Deposit,2023-03
1007,2023-03-06,2932,Withdrawal,2023-03
1046,2023-03-07,2924,Deposit,2023-03
1034,2023-03-08,2094,Withdrawal,2023-03
1077,2023-03-09,3590,Withdrawal,2023-03
1080,2023-03-10,9410,Deposit,2023-03
1035,2023-03-11,8084,Withdrawal,2023-03
1049,2023-03-12,1704,Withdrawal,2023-03
1003,2023-03-13,335,Deposit,2023-03
1001,2023-03-14,2008,Withdrawal,2023-03
1005,2023-03-15,8667,Withdrawal,2023-03
1053,2023-03-16,3630,Deposit,2023-03
1003,2023-03-17,5356,Deposit,2023-03
1053,2023-03-18,2735,Deposit,2023-03
1092,2023-03-19,8262,Withdrawal,2023-03
1062,2023-03-20,9862,Deposit,2023-03
1017,2023-03-21,2660,Withdrawal,2023-03
1089,2023-03-22,5515,Withdrawal,2023-03
1043,2023-03-23,3491,Withdrawal,2023-03
1033,2023-03-24,6051,Withdrawal,2023-03
1073,2023-03-25,5568,Withdrawal,2023-03
1061,2023-03-26,8107,Withdrawal,2023-03
1099,2023-03-27,9164,Withdrawal,2023-03
1013,2023-03-28,9544,Deposit,2023-03
1094,2023-03-29,6513,Deposit,2023-03
1047,2023-03-30,7041,Withdrawal,2023-03
1014,2023-03-31,9606,Withdrawal,2023-03
1071,2023-04-01,4920,Deposit,2023-04
1077,2023-04-02,2998,Withdrawal,2023-04
1086,2023-04-03,7646,Deposit,2023-04
1061,2023-04-04,177,Deposit,2023-04
1039,2023-04-05,7677,Deposit,2023-04
1084,2023-04-06,4327,Withdrawal,2023-04
1079,2023-04-07,700,Withdrawal,2023-04
1081,2023-04-08,1165,Deposit,2023-04
1052,2023-04-09,2236,Deposit,2023-04
1023,2023-04-10,9610,Deposit,2023-04
1025,2023-04-11,7043,Deposit,2023-04
1088,2023-04-12,7904,Deposit,2023-04
1059,2023-04-13,6665,Withdrawal,2023-04
1040,2023-04-14,6084,Deposit,2023-04
1028,2023-04-15,5242,Withdrawal,2023-04
1014,2023-04-16,4770,Deposit,2023-04
1044,2023-04-17,2290,Withdrawal,2023-04
1064,2023-04-18,9284,Withdrawal,2023-04
1088,2023-04-19,2812,Withdrawal,2023-04
1070,2023-04-20,2292,Withdrawal,2023-04
1008,2023-04-21,1348,Withdrawal,2023-04
1087,2023-04-22,4133,Withdrawal,2023-04
1000,2023-04-23,2097,Deposit,2023-04
1007,2023-04-24,3787,Withdrawal,2023-04
1087,2023-04-25,4118,Deposit,2023-04
1062,2023-04-26,2070,Withdrawal,2023-04
1010,2023-04-27,8489,Withdrawal,2023-04
1080,2023-04-28,5865,Deposit,2023-04
1007,2023-04-29,1302,Withdrawal,2023-04
1034,2023-04-30,8235,Deposit,2023-04
1034,2023-05-01,5667,Deposit,2023-05
1032,2023-05-02,7767,Deposit,2023-05
1004,2023-05-03,5842,Deposit,2023-05
1040,2023-05-04,5888,Withdrawal,2023-05
1027,2023-05-05,5508,Withdrawal,2023-05
1006,2023-05-06,8769,Deposit,2023-05
1072,2023-05-07,9546,Withdrawal,2023-05
1071,2023-05-08,1022,Withdrawal,2023-05
1011,2023-05-09,519,Deposit,2023-05
1033,2023-05-10,2304,Withdrawal,2023-05
1032,2023-05-11,1220,Deposit,2023-05
1047,2023-05-12,1050,Deposit,2023-05
1022,2023-05-13,2436,Withdrawal,2023-05
1061,2023-05-14,5473,Withdrawal,2023-05
1087,2023-05-15,2343,Withdrawal,2023-05
1036,2023-05-16,2745,Deposit,2023-05
1098,2023-05-17,4712,Deposit,2023-05
1043,2023-05-18,1965,Withdrawal,2023-05
1085,2023-05-19,6128,Withdrawal,2023-05
1090,2023-05-20,7426,Withdrawal,2023-05
1034,2023-05-21,6471,Withdrawal,2023-05
1064,2023-05-22,6459,Deposit,2023-05
1098,2023-05-23,7963,Withdrawal,2023-05
1046,2023-05-24,3328,Deposit,2023-05
1077,2023-05-25,3819,Deposit,2023-05
1002,2023-05-26,2471,Withdrawal,2023-05
1000,2023-05-27,2991,Withdrawal,2023-05
1004,2023-05-28,3856,Withdrawal,2023-05
1089,2023-05-29,4325,Deposit,2023-05
1013,2023-05-30,194,Withdrawal,2023-05
1026,2023-05-31,2774,Withdrawal,2023-05
1008,2023-06-01,6998,Deposit,2023-06
1078,2023-06-02,893,Withdrawal,2023-06
1014,2023-06-03,2216,Deposit,2023-06
1089,2023-06-04,5879,Withdrawal,2023-06
1041,2023-06-05,6266,Deposit,2023-06
1076,2023-06-06,914,Withdrawal,2023-06
1050,2023-06-07,445,Withdrawal,2023-06
1062,2023-06-08,8654,Deposit,2023-06
1095,2023-06-09,2543,Deposit,2023-06
1051,2023-06-10,7883,Withdrawal,2023-06
1095,2023-06-11,1084,Deposit,2023-06
1003,2023-06-12,7890,Deposit,2023-06
1093,2023-06-13,9931,Deposit,2023-06
1022,2023-06-14,927,Deposit,2023-06
1014,2023-06-15,3631,Withdrawal,2023-06
1042,2023-06-16,7247,Withdrawal,2023-06
1028,2023-06-17,4551,Deposit,2023-06
1035,2023-06-18,3976,Deposit,2023-06
1012,2023-06-19,6059,Deposit,2023-06
1031,2023-06-20,226,Deposit,2023-06
1070,2023-06-21,3277,Withdrawal,2023-06
1058,2023-06-22,8895,Withdrawal,2023-06
1085,2023-06-23,6124,Deposit,2023-06
1027,2023-06-24,5209,Deposit,2023-06
1065,2023-06-25,4246,Deposit,2023-06
1041,2023-06-26,7296,Withdrawal,2023-06
1044,2023-06-27,3468,Deposit,2023-06
1061,2023-06-28,3897,Withdrawal,2023-06
1056,2023-06-29,1892,Deposit,2023-06
1005,2023-06-30,5832,Withdrawal,2023-06
1027,2023-07-01,3576,Deposit,2023-07
1027,2023-07-02,3517,Withdrawal,2023-07
1043,2023-07-03,1745,Deposit,2023-07
1083,2023-07-04,9497,Deposit,2023-07
1029,2023-07-05,3130,Deposit,2023-07
1061,2023-07-06,2972,Withdrawal,2023-07
1074,2023-07-07,3172,Deposit,2023-07
1091,2023-07-08,1954,Withdrawal,2023-07
1088,2023-07-09,4121,Withdrawal,2023-07
1061,2023-07-10,4762,Deposit,2023-07
1096,2023-07-11,6614,Deposit,2023-07
1000,2023-07-12,5131,Deposit,2023-07
1026,2023-07-13,2808,Withdrawal,2023-07
1061,2023-07-14,7212,Deposit,2023-07
1076,2023-07-15,9624,Withdrawal,2023-07
1002,2023-07-16,8493,Withdrawal,2023-07
1069,2023-07-17,3607,Deposit,2023-07
1071,2023-07-18,6556,Deposit,2023-07
1026,2023-07-19,4312,Deposit,2023-07
1008,2023-07-20,8070,Deposit,2023-07
1061,2023-07-21,8866,Deposit,2023-07
1036,2023-07-22,636,Deposit,2023-07
1096,2023-07-23,1725,Withdrawal,2023-07
1050,2023-07-24,8073,Withdrawal,2023-07
1043,2023-07-25,8677,Withdrawal,2023-07
1023,2023-07-26,8170,Deposit,2023-07
1078,2023-07-27,8766,Withdrawal,2023-07
1058,2023-07-28,8709,Withdrawal,2023-07
1031,2023-07-29,6590,Withdrawal,2023-07
1095,2023-07-30,3700,Withdrawal,2023-07
1087,2023-07-31,6883,Withdrawal,2023-07
1051,2023-08-01,9246,Deposit,2023-08
1061,2023-08-02,5071,Deposit,2023-08
1057,2023-08-03,1305,Withdrawal,2023-08
1051,2023-08-04,2090,Withdrawal,2023-08
1011,2023-08-05,5399,Withdrawal,2023-08
1038,2023-08-06,3672,Deposit,2023-08
1001,2023-08-07,6075,Deposit,2023-08
1002,2023-08-08,6420,Withdrawal,2023-08
1055,2023-08-09,4480,Deposit,2023-08
1080,2023-08-10,4857,Deposit,2023-08
1058,2023-08-11,2813,Withdrawal,2023-08
1001,2023-08-12,5688,Deposit,2023-08
1001,2023-08-13,1066,Deposit,2023-08
1091,2023-08-14,5044,Withdrawal,2023-08
1053,2023-08-15,3532,Deposit,2023-08
1086,2023-08-16,788,Deposit,2023-08
1095,2023-08-17,4343,Withdrawal,2023-08
1096,2023-08-18,3801,Deposit,2023-08
1000,2023-08-19,8633,Deposit,2023-08
1018,2023-08-20,5282,Withdrawal,2023-08
1001,2023-08-21,6804,Withdrawal,2023-08
1052,2023-08-22,4522,Withdrawal,2023-08
1043,2023-08-23,1859,Deposit,2023-08
1089,2023-08-24,9281,Withdrawal,2023-08
1031,2023-08-25,2582,Deposit,2023-08
1069,2023-08-26,8158,Withdrawal,2023-08
1031,2023-08-27,1051,Deposit,2023-08
1067,2023-08-28,9014,Withdrawal,2023-08
1054,2023-08-29,2179,Withdrawal,2023-08
1074,2023-08-30,2817,Withdrawal,2023-08
1055,2023-08-31,4624,Withdrawal,2023-08
1016,2023-09-01,9792,Deposit,2023-09
1037,2023-09-02,8577,Withdrawal,2023-09
1023,2023-09-03,7411,Withdrawal,2023-09
1068,2023-09-04,7286,Deposit,2023-09
1097,2023-09-05,2165,Withdrawal,2023-09
1069,2023-09-06,868,Deposit,2023-09
1085,2023-09-07,5590,Withdrawal,2023-09
1010,2023-09-08,6745,Withdrawal,2023-09
1015,2023-09-09,5183,Withdrawal,2023-09
1096,2023-09-10,5332,Deposit,2023-09
1072,2023-09-11,5897,Withdrawal,2023-09
1058,2023-09-12,9238,Withdrawal,2023-09
1069,2023-09-13,5026,Withdrawal,2023-09
1079,2023-09-14,6116,Deposit,2023-09
1092,2023-09-15,3435,Deposit,2023-09
1002,2023-09-16,8138,Withdrawal,2023-09
1019,2023-09-17,4973,Deposit,2023-09
1058,2023-09-18,1581,Withdrawal,2023-09
1035,2023-09-19,6405,Withdrawal,2023-09
1018,2023-09-20,3551,Withdrawal,2023-09
1089,2023-09-21,154,Withdrawal,2023-09
1066,2023-09-22,7743,Withdrawal,2023-09
1018,2023-09-23,3562,Withdrawal,2023-09
1019,2023-09-24,932,Withdrawal,2023-09
1095,2023-09-25,6054,Deposit,2023-09
1070,2023-09-26,8619,Deposit,2023-09
1051,2023-09-27,7321,Deposit,2023-09
1032,2023-09-28,3410,Deposit,2023-09
1039,2023-09-29,3400,Deposit,2023-09
1038,2023-09-30,6822,Deposit,2023-09
1081,2023-10-01,7318,Deposit,2023-10
1000,2023-10-02,7876,Withdrawal,2023-10
1010,2023-10-03,3775,Withdrawal,2023-10
1091,2023-10-04,3154,Withdrawal,2023-10
1056,2023-10-05,8070,Withdrawal,2023-10
1088,2023-10-06,2243,Deposit,2023-10
1049,2023-10-07,5307,Deposit,2023-10
1022,2023-10-08,9603,Withdrawal,2023-10
1030,2023-10-09,2638,Withdrawal,2023-10
1093,2023-10-10,4647,Deposit,2023-10
1041,2023-10-11,5719,Withdrawal,2023-10
1098,2023-10-12,8456,Withdrawal,2023-10
1006,2023-10-13,6712,Withdrawal,2023-10
1015,2023-10-14,5105,Withdrawal,2023-10
1089,2023-10-15,922,Deposit,2023-10
1059,2023-10-16,1043,Withdrawal,2023-10
1001,2023-10-17,6250,Withdrawal,2023-10
1000,2023-10-18,4525,Deposit,2023-10
1047,2023-10-19,9066,Deposit,2023-10
1011,2023-10-20,2298,Withdrawal,2023-10
1068,2023-10-21,4342,Deposit,2023-10
1036,2023-10-22,3795,Withdrawal,2023-10
1031,2023-10-23,3552,Withdrawal,2023-10
1008,2023-10-24,9206,Deposit,2023-10
1098,2023-10-25,1408,Withdrawal,2023-10
1018,2023-10-26,4277,Withdrawal,2023-10
1047,2023-10-27,8805,Withdrawal,2023-10
1079,2023-10-28,6952,Withdrawal,2023-10
1002,2023-10-29,6135,Deposit,2023-10
1019,2023-10-30,3694,Deposit,2023-10
1023,2023-10-31,4941,Withdrawal,2023-10
1053,2023-11-01,1509,Deposit,2023-11
1032,2023-11-02,4666,Withdrawal,2023-11
1023,2023-11-03,4591,Withdrawal,2023-11
1074,2023-11-04,1655,Withdrawal,2023-11
1071,2023-11-05,904,Withdrawal,2023-11
1035,2023-11-06,1379,Withdrawal,2023-11
1037,2023-11-07,7183,Deposit,2023-11
1083,2023-11-08,6086,Withdrawal,2023-11
1098,2023-11-09,5719,Deposit,2023-11
1088,2023-11-10,1487,Deposit,2023-11
1098,2023-11-11,2779,Withdrawal,2023-11
1024,2023-11-12,2206,Withdrawal,2023-11
1092,2023-11-13,8273,Withdrawal,2023-11
1017,2023-11-14,4323,Withdrawal,2023-11
1081,2023-11-15,4931,Withdrawal,2023-11
1065,2023-11-16,2868,Deposit,2023-11
1053,2023-11-17,3286,Withdrawal,2023-11
1034,2023-11-18,2673,Withdrawal,2023-11
1079,2023-11-19,2699,Deposit,2023-11
1060,2023-11-20,4133,Deposit,2023-11
1040,2023-11-21,8528,Withdrawal,2023-11
1099,2023-11-22,1404,Deposit,2023-11
1032,2023-11-23,7468,Withdrawal,2023-11
1067,2023-11-24,5977,Deposit,2023-11
1032,2023-11-25,1401,Deposit,2023-11
1013,2023-11-26,2641,Withdrawal,2023-11
1020,2023-11-27,2151,Deposit,2023-11
1047,2023-11-28,6909,Deposit,2023-11
1019,2023-11-29,8733,Deposit,2023-11
1007,2023-11-30,9096,Deposit,2023-11
1006,2023-12-01,174,Deposit,2023-12
1066,2023-12-02,7081,Deposit,2023-12
1016,2023-12-03,5575,Withdrawal,2023-12
1032,2023-12-04,8332,Withdrawal,2023-12
1047,2023-12-05,7284,Deposit,2023-12
1075,2023-12-06,5896,Withdrawal,2023-12
1058,2023-12-07,7241,Withdrawal,2023-12
1085,2023-12-08,1722,Withdrawal,2023-12
1021,2023-12-09,8141,Deposit,2023-12
1029,2023-12-10,441,Withdrawal,2023-12
1037,2023-12-11,2174,Deposit,2023-12
1050,2023-12-12,8092,Withdrawal,2023-12
1053,2023-12-13,745,Deposit,2023-12
1007,2023-12-14,4363,Deposit,2023-12
1026,2023-12-15,8901,Withdrawal,2023-12
1026,2023-12-16,6236,Withdrawal,2023-12
1097,2023-12-17,8746,Deposit,2023-12
1020,2023-12-18,3069,Withdrawal,2023-12
1029,2023-12-19,3128,Withdrawal,2023-12
1096,2023-12-20,7743,Withdrawal,2023-12
1027,2023-12-21,2781,Deposit,2023-12
1063,2023-12-22,3729,Deposit,2023-12
1096,2023-12-23,4325,Withdrawal,2023-12
1068,2023-12-24,3167,Withdrawal,2023-12
1060,2023-12-25,6041,Withdrawal,2023-12
1047,2023-12-26,1486,Deposit,2023-12
1018,2023-12-27,2966,Deposit,2023-12
1003,2023-12-28,4888,Withdrawal,2023-12
1034,2023-12-29,5590,Withdrawal,2023-12
1063,2023-12-30,4224,Withdrawal,2023-12
1048,2023-12-31,8440,Withdrawal,2023-12
1016,2024-01-01,3950,Withdrawal,2024-01
1043,2024-01-02,5515,Withdrawal,2024-01
1091,2024-01-03,7779,Deposit,2024-01
1029,2024-01-04,6919,Withdrawal,2024-01
1092,2024-01-05,9428,Deposit,2024-01
1045,2024-01-06,8478,Withdrawal,2024-01
1005,2024-01-07,9542,Withdrawal,2024-01
1098,2024-01-08,1433,Deposit,2024-01
1036,2024-01-09,4250,Deposit,2024-01
1023,2024-01-10,6866,Deposit,2024-01
1092,2024-01-11,2811,Deposit,2024-01
1045,2024-01-12,4953,Withdrawal,2024-01
1052,2024-01-13,6312,Deposit,2024-01
1094,2024-01-14,7579,Withdrawal,2024-01
1098,2024-01-15,5508,Deposit,2024-01
1059,2024-01-16,7815,Withdrawal,2024-01
1096,2024-01-17,9042,Withdrawal,2024-01
1062,2024-01-18,1862,Withdrawal,2024-01
1084,2024-01-19,7201,Withdrawal,2024-01
1031,2024-01-20,7774,Withdrawal,2024-01
1086,2024-01-21,6222,Withdrawal,2024-01
1032,2024-01-22,581,Deposit,2024-01
1066,2024-01-23,253,Withdrawal,2024-01
1017,2024-01-24,7717,Deposit,2024-01
1024,2024-01-25,1624,Deposit,2024-01
1094,2024-01-26,2220,Withdrawal,2024-01
1053,2024-01-27,2443,Deposit,2024-01
1057,2024-01-28,5236,Withdrawal,2024-01
1066,2024-01-29,5860,Deposit,2024-01
1045,2024-01-30,1340,Withdrawal,2024-01
1023,2024-01-31,160,Deposit,2024-01
1031,2024-02-01,9230,Withdrawal,2024-02
1046,2024-02-02,1739,Withdrawal,2024-02
1085,2024-02-03,6285,Withdrawal,2024-02
1022,2024-02-04,8070,Withdrawal,2024-02
1065,2024-02-05,1352,Deposit,2024-02
1026,2024-02-06,4303,Withdrawal,2024-02
1001,2024-02-07,8463,Deposit,2024-02
1089,2024-02-08,9750,Deposit,2024-02
1016,2024-02-09,3649,Deposit,2024-02
1032,2024-02-10,4297,Withdrawal,2024-02
1008,2024-02-11,7109,Deposit,2024-02
1042,2024-02-12,6767,Deposit,2024-02
1047,2024-02-13,2422,Deposit,2024-02
1038,2024-02-14,9928,Withdrawal,2024-02
1092,2024-02-15,4190,Withdrawal,2024-02
1041,2024-02-16,7060,Deposit,2024-02
1025,2024-02-17,3104,Withdrawal,2024-02
1098,2024-02-18,5236,Withdrawal,2024-02
1049,2024-02-19,429,Deposit,2024-02
1024,2024-02-20,3740,Deposit,2024-02
1023,2024-02-21,8082,Withdrawal,2024-02
1012,2024-02-22,4207,Deposit,2024-02
1059,2024-02-23,1441,Withdrawal,2024-02
1006,2024-02-24,8507,Withdrawal,2024-02
1056,2024-02-25,438,Withdrawal,2024-02
1035,2024-02-26,5995,Withdrawal,2024-02
1044,2024-02-27,2808,Withdrawal,2024-02
1019,2024-02-28,1850,Withdrawal,2024-02
1064,2024-02-29,5704,Deposit,2024-02
1007,2024-03-01,2521,Deposit,2024-03
1015,2024-03-02,7219,Withdrawal,2024-03
1013,2024-03-03,9001,Withdrawal,2024-03
1075,2024-03-04,5419,Withdrawal,2024-03
1086,2024-03-05,6709,Deposit,2024-03
1014,2024-03-06,5487,Withdrawal,2024-03
1091,2024-03-07,4093,Deposit,2024-03
1097,2024-03-08,8780,Withdrawal,2024-03
1065,2024-03-09,8144,Withdrawal,2024-03
1031,2024-03-10,8338,Deposit,2024-03
1086,2024-03-11,4973,Deposit,2024-03
1062,2024-03-12,4906,Withdrawal,2024-03
1085,2024-03-13,8692,Withdrawal,2024-03
1050,2024-03-14,6013,Withdrawal,2024-03
1024,2024-03-15,7224,Deposit,2024-03
1057,2024-03-16,3257,Deposit,2024-03
1062,2024-03-17,490,Deposit,2024-03
1061,2024-03-18,4530,Deposit,2024-03
1021,2024-03-19,8920,Deposit,2024-03
1057,2024-03-20,7786,Deposit,2024-03
1057,2024-03-21,4332,Withdrawal,2024-03
1085,2024-03-22,8107,Withdrawal,2024-03
1048,2024-03-23,1621,Deposit,2024-03
1051,2024-03-24,9118,Withdrawal,2024-03
1041,2024-03-25,1600,Withdrawal,2024-03
1069,2024-03-26,6837,Deposit,2024-03
1014,2024-03-27,3394,Withdrawal,2024-03
1053,2024-03-28,5185,Deposit,2024-03
1059,2024-03-29,2519,Deposit,2024-03
1096,2024-03-30,9226,Withdrawal,2024-03
1007,2024-03-31,3142,Deposit,2024-03
1052,2024-04-01,4597,Deposit,2024-04
1059,2024-04-02,1566,Deposit,2024-04
1004,2024-04-03,3661,Deposit,2024-04
1067,2024-04-04,714,Deposit,2024-04
1005,2024-04-05,5492,Deposit,2024-04
1095,2024-04-06,7793,Deposit,2024-04
1093,2024-04-07,9474,Deposit,2024-04
1046,2024-04-08,3323,Withdrawal,2024-04
1098,2024-04-09,7238,Withdrawal,2024-04
1054,2024-04-10,2767,Withdrawal,2024-04
1039,2024-04-11,8080,Deposit,2024-04
1051,2024-04-12,230,Deposit,2024-04
1015,2024-04-13,3083,Withdrawal,2024-04
1012,2024-04-14,4378,Withdrawal,2024-04
1029,2024-04-15,7226,Withdrawal,2024-04
1018,2024-04-16,8330,Deposit,2024-04
1016,2024-04-17,7794,Withdrawal,2024-04
1062,2024-04-18,6740,Withdrawal,2024-04
1018,2024-04-19,5568,Deposit,2024-04
1091,2024-04-20,1020,Withdrawal,2024-04
1057,2024-04-21,7664,Deposit,2024-04
1054,2024-04-22,8784,Deposit,2024-04
1089,2024-04-23,9423,Deposit,2024-04
1089,2024-04-24,8602,Withdrawal,2024-04
1061,2024-04-25,9030,Withdrawal,2024-04
1022,2024-04-26,3341,Deposit,2024-04
1008,2024-04-27,645,Withdrawal,2024-04
1011,2024-04-28,4446,Withdrawal,2024-04
1000,2024-04-29,3910,Withdrawal,2024-04
1057,2024-04-30,7306,Withdrawal,2024-04
1000,2024-05-01,9105,Deposit,2024-05
1033,2024-05-02,2132,Withdrawal,2024-05
1095,2024-05-03,8536,Deposit,2024-05
1047,2024-05-04,371,Deposit,2024-05
1088,2024-05-05,3611,Withdrawal,2024-05
1000,2024-05-06,1871,Deposit,2024-05
1015,2024-05-07,9554,Withdrawal,2024-05
1060,2024-05-08,4461,Withdrawal,2024-05
1063,2024-05-09,7169,Deposit,2024-05
1062,2024-05-10,1020,Deposit,2024-05
1068,2024-05-11,8290,Deposit,2024-05
1021,2024-05-12,3530,Deposit,2024-05
1092,2024-05-13,4535,Withdrawal,2024-05
1066,2024-05-14,3860,Withdrawal,2024-05
1075,2024-05-15,2150,Withdrawal,2024-05
1025,2024-05-16,1265,Deposit,2024-05
1015,2024-05-17,8667,Deposit,2024-05
1050,2024-05-18,2133,Deposit,2024-05
1085,2024-05-19,6567,Withdrawal,2024-05
1056,2024-05-20,245,Deposit,2024-05
1028,2024-05-21,4488,Withdrawal,2024-05
1077,2024-05-22,7932,Deposit,2024-05
1091,2024-05-23,8723,Withdrawal,2024-05
1068,2024-05-24,8996,Withdrawal,2024-05
1046,2024-05-25,8273,Deposit,2024-05
1093,2024-05-26,2732,Deposit,2024-05
1061,2024-05-27,4594,Withdrawal,2024-05
1068,2024-05-28,8156,Withdrawal,2024-05
1075,2024-05-29,7611,Deposit,2024-05
1015,2024-05-30,9255,Deposit,2024-05
1089,2024-05-31,1928,Withdrawal,2024-05
1089,2024-06-01,9230,Deposit,2024-06
1047,2024-06-02,4905,Withdrawal,2024-06
1084,2024-06-03,906,Withdrawal,2024-06
1038,2024-06-04,9755,Deposit,2024-06
1099,2024-06-05,7586,Deposit,2024-06
1032,2024-06-06,8302,Deposit,2024-06
1093,2024-06-07,1968,Deposit,2024-06
1022,2024-06-08,7978,Deposit,2024-06
1009,2024-06-09,5790,Withdrawal,2024-06
1068,2024-06-10,7927,Withdrawal,2024-06
1099,2024-06-11,5529,Deposit,2024-06
1033,2024-06-12,9176,Deposit,2024-06
1051,2024-06-13,3664,Deposit,2024-06
1094,2024-06-14,1489,Withdrawal,2024-06
1009,2024-06-15,7374,Deposit,2024-06
1018,2024-06-16,924,Deposit,2024-06
1057,2024-06-17,2365,Withdrawal,2024-06
1095,2024-06-18,1036,Withdrawal,2024-06
1000,2024-06-19,6502,Deposit,2024-06
1068,2024-06-20,3945,Deposit,2024-06
1003,2024-06-21,1896,Deposit,2024-06
1015,2024-06-22,8345,Withdrawal,2024-06
1023,2024-06-23,7314,Deposit,2024-06
1079,2024-06-24,826,Deposit,2024-06
1001,2024-06-25,2836,Deposit,2024-06
1091,2024-06-26,2013,Withdrawal,2024-06
1031,2024-06-27,9888,Withdrawal,2024-06
1090,2024-06-28,7757,Deposit,2024-06
1083,2024-06-29,2566,Deposit,2024-06
1023,2024-06-30,9141,Withdrawal,2024-06
1011,2024-07-01,7412,Withdrawal,2024-07
1049,2024-07-02,8294,Withdrawal,2024-07
1034,2024-07-03,8006,Withdrawal,2024-07
1032,2024-07-04,4976,Withdrawal,2024-07
1032,2024-07-05,7387,Withdrawal,2024-07
1060,2024-07-06,992,Withdrawal,2024-07
1050,2024-07-07,4775,Withdrawal,2024-07
1042,2024-07-08,2033,Withdrawal,2024-07
1011,2024-07-09,1480,Deposit,2024-07
1066,2024-07-10,1390,Deposit,2024-07
1064,2024-07-11,1740,Deposit,2024-07
1032,2024-07-12,7590,Withdrawal,2024-07
1039,2024-07-13,9279,Deposit,2024-07
1073,2024-07-14,1318,Withdrawal,2024-07
1042,2024-07-15,5116,Withdrawal,2024-07
1043,2024-07-16,6981,Deposit,2024-07
1028,2024-07-17,9647,Withdrawal,2024-07
1012,2024-07-18,9852,Deposit,2024-07
1011,2024-07-19,9710,Deposit,2024-07
1094,2024-07-20,1054,Deposit,2024-07
1045,2024-07-21,9275,Withdrawal,2024-07
1001,2024-07-22,7391,Deposit,2024-07
1034,2024-07-23,1074,Withdrawal,2024-07
1086,2024-07-24,4233,Deposit,2024-07
1080,2024-07-25,5470,Deposit,2024-07
1089,2024-07-26,4072,Deposit,2024-07
1007,2024-07-27,5395,Withdrawal,2024-07
1092,2024-07-28,9205,Withdrawal,2024-07
1025,2024-07-29,8328,Withdrawal,2024-07
1073,2024-07-30,3120,Deposit,2024-07
1089,2024-07-31,9087,Deposit,2024-07
1033,2024-08-01,4136,Withdrawal,2024-08
1006,2024-08-02,5168,Withdrawal,2024-08
1067,2024-08-03,5333,Withdrawal,2024-08
1057,2024-08-04,9616,Withdrawal,2024-08
1074,2024-08-05,417,Withdrawal,2024-08
1028,2024-08-06,2496,Withdrawal,2024-08
1035,2024-08-07,2262,Deposit,2024-08
1088,2024-08-08,2845,Withdrawal,2024-08
1020,2024-08-09,1691,Deposit,2024-08
1035,2024-08-10,6283,Deposit,2024-08
1009,2024-08-11,4030,Withdrawal,2024-08
1072,2024-08-12,1412,Withdrawal,2024-08
1023,2024-08-13,9577,Deposit,2024-08
1063,2024-08-14,4411,Withdrawal,2024-08
1098,2024-08-15,7414,Withdrawal,2024-08
1048,2024-08-16,2483,Deposit,2024-08
1098,2024-08-17,3339,Deposit,2024-08
1035,2024-08-18,2239,Deposit,2024-08
1081,2024-08-19,1804,Withdrawal,2024-08
1095,2024-08-20,7024,Deposit,2024-08
1023,2024-08-21,462,Withdrawal,2024-08
1022,2024-08-22,2704,Deposit,2024-08
1061,2024-08-23,4386,Deposit,2024-08
1095,2024-08-24,3838,Deposit,2024-08
1036,2024-08-25,2569,Withdrawal,2024-08
1011,2024-08-26,4895,Withdrawal,2024-08
1054,2024-08-27,6250,Deposit,2024-08
1012,2024-08-28,656,Deposit,2024-08
1022,2024-08-29,9117,Deposit,2024-08
1088,2024-08-30,2908,Withdrawal,2024-08
1098,2024-08-31,5250,Deposit,2024-08
1029,2024-09-01,7661,Withdrawal,2024-09
1016,2024-09-02,2819,Deposit,2024-09
1061,2024-09-03,6606,Deposit,2024-09
1083,2024-09-04,3841,Deposit,2024-09
1088,2024-09-05,9866,Deposit,2024-09
1085,2024-09-06,4098,Deposit,2024-09
1012,2024-09-07,2503,Deposit,2024-09
1058,2024-09-08,8880,Withdrawal,2024-09
1018,2024-09-09,9839,Deposit,2024-09
1048,2024-09-10,394,Withdrawal,2024-09
1099,2024-09-11,5443,Deposit,2024-09
1011,2024-09-12,9982,Deposit,2024-09
1060,2024-09-13,1236,Withdrawal,2024-09
1018,2024-09-14,2164,Deposit,2024-09
1075,2024-09-15,7109,Withdrawal,2024-09
1008,2024-09-16,4643,Withdrawal,2024-09
1070,2024-09-17,1107,Deposit,2024-09
1027,2024-09-18,5545,Withdrawal,2024-09
1077,2024-09-19,5452,Withdrawal,2024-09
1094,2024-09-20,9539,Deposit,2024-09
1051,2024-09-21,1535,Withdrawal,2024-09
1082,2024-09-22,671,Deposit,2024-09
1015,2024-09-23,2482,Deposit,2024-09
1068,2024-09-24,9537,Deposit,2024-09
1098,2024-09-25,5184,Deposit,2024-09
1011,2024-09-26,377,Withdrawal,2024-09
1024,2024-09-27,7159,Deposit,2024-09
1051,2024-09-28,1987,Deposit,2024-09
1084,2024-09-29,1365,Withdrawal,2024-09
1099,2024-09-30,7591,Deposit,2024-09
1052,2024-10-01,1140,Deposit,2024-10
1022,2024-10-02,9209,Withdrawal,2024-10
1015,2024-10-03,8173,Withdrawal,2024-10
1056,2024-10-04,9177,Withdrawal,2024-10
1038,2024-10-05,2852,Withdrawal,2024-10
1052,2024-10-06,8313,Withdrawal,2024-10
1041,2024-10-07,4669,Withdrawal,2024-10
1057,2024-10-08,6453,Withdrawal,2024-10
1038,2024-10-09,2453,Deposit,2024-10
1013,2024-10-10,7537,Withdrawal,2024-10
1094,2024-10-11,4899,Withdrawal,2024-10
1004,2024-10-12,786,Withdrawal,2024-10
1034,2024-10-13,8576,Deposit,2024-10
1086,2024-10-14,4911,Deposit,2024-10
1092,2024-10-15,9054,Withdrawal,2024-10
1074,2024-10-16,5446,Withdrawal,2024-10
1017,2024-10-17,5143,Withdrawal,2024-10
1075,2024-10-18,2528,Deposit,2024-10
1008,2024-10-19,5226,Deposit,2024-10
1073,2024-10-20,8320,Withdrawal,2024-10
1057,2024-10-21,9198,Deposit,2024-10
1016,2024-10-22,7913,Withdrawal,2024-10
1006,2024-10-23,9745,Deposit,2024-10
1045,2024-10-24,3456,Deposit,2024-10
1012,2024-10-25,8807,Withdrawal,2024-10
1039,2024-10-26,7366,Withdrawal,2024-10
1041,2024-10-27,6640,Withdrawal,2024-10
1008,2024-10-28,138,Withdrawal,2024-10
1049,2024-10-29,3442,Deposit,2024-10
1026,2024-10-30,9178,Deposit,2024-10
1065,2024-10-31,2944,Deposit,2024-10
1004,2024-11-01,1198,Withdrawal,2024-11
1028,2024-11-02,7127,Deposit,2024-11
1036,2024-11-03,1923,Withdrawal,2024-11
1037,2024-11-04,3255,Deposit,2024-11
1082,2024-11-05,3193,Withdrawal,2024-11
1007,2024-11-06,5758,Withdrawal,2024-11
1064,2024-11-07,3878,Deposit,2024-11
1085,2024-11-08,2996,Withdrawal,2024-11
1016,2024-11-09,1088,Withdrawal,2024-11
1070,2024-11-10,4216,Deposit,2024-11
1088,2024-11-11,6546,Withdrawal,2024-11
1044,2024-11-12,4279,Withdrawal,2024-11
1003,2024-11-13,1782,Withdrawal,2024-11
1035,2024-11-14,5726,Deposit,2024-11
1069,2024-11-15,7524,Deposit,2024-11
1030,2024-11-16,1033,Withdrawal,2024-11
1018,2024-11-17,3698,Deposit,2024-11
1060,2024-11-18,2080,Withdrawal,2024-11
1053,2024-11-19,3156,Withdrawal,2024-11
1038,2024-11-20,9084,Withdrawal,2024-11
1090,2024-11-21,891,Withdrawal,2024-11
1073,2024-11-22,5490,Withdrawal,2024-11
1089,2024-11-23,6735,Deposit,2024-11
1018,2024-11-24,2355,Withdrawal,2024-11
1038,2024-11-25,3710,Deposit,2024-11
1066,2024-11-26,1707,Deposit,2024-11
1044,2024-11-27,5279,Withdrawal,2024-11
1012,2024-11-28,6673,Withdrawal,2024-11
1091,2024-11-29,1084,Deposit,2024-11
1057,2024-11-30,5876,Deposit,2024-11
1019,2024-12-01,3776,Deposit,2024-12
1091,2024-12-02,3480,Withdrawal,2024-12
1071,2024-12-03,8811,Deposit,2024-12
1060,2024-12-04,8882,Withdrawal,2024-12
1038,2024-12-05,1150,Withdrawal,2024-12
1000,2024-12-06,3733,Withdrawal,2024-12
1002,2024-12-07,6442,Deposit,2024-12
1076,2024-12-08,1059,Withdrawal,2024-12
1091,2024-12-09,6159,Withdrawal,2024-12
1061,2024-12-10,8984,Withdrawal,2024-12
1062,2024-12-11,5755,Withdrawal,2024-12
1024,2024-12-12,4573,Withdrawal,2024-12
1055,2024-12-13,3046,Deposit,2024-12
1032,2024-12-14,7825,Withdrawal,2024-12
1037,2024-12-15,626,Withdrawal,2024-12
1005,2024-12-16,3324,Deposit,2024-12
1057,2024-12-17,1975,Withdrawal,2024-12
1043,2024-12-18,1863,Deposit,2024-12
1044,2024-12-19,8812,Withdrawal,2024-12
1031,2024-12-20,5897,Deposit,2024-12
1044,2024-12-21,9308,Deposit,2024-12
1060,2024-12-22,7199,Withdrawal,2024-12
1046,2024-12-23,5209,Withdrawal,2024-12
1020,2024-12-24,6744,Withdrawal,2024-12
1079,2024-12-25,216,Deposit,2024-12
1084,2024-12-26,2533,Deposit,2024-12
1074,2024-12-27,5563,Deposit,2024-12
1035,2024-12-28,683,Withdrawal,2024-12
1098,2024-12-29,8686,Deposit,2024-12
1018,2024-12-30,3888,Deposit,2024-12
1019,2024-12-31,4267,Withdrawal,2024-12
1056,2025-01-01,8565,Deposit,2025-01
1017,2025-01-02,1489,Deposit,2025-01
1046,2025-01-03,8457,Withdrawal,2025-01
1048,2025-01-04,9859,Deposit,2025-01
1013,2025-01-05,6254,Withdrawal,2025-01
1014,2025-01-06,5520,Withdrawal,2025-01
1030,2025-01-07,9020,Withdrawal,2025-01
1000,2025-01-08,2143,Withdrawal,2025-01
1053,2025-01-09,4297,Withdrawal,2025-01
1002,2025-01-10,3596,Deposit,2025-01
1015,2025-01-11,878,Deposit,2025-01
1086,2025-01-12,313,Withdrawal,2025-01
1056,2025-01-13,3862,Withdrawal,2025-01
1074,2025-01-14,9868,Deposit,2025-01
1011,2025-01-15,6831,Withdrawal,2025-01
1073,2025-01-16,3217,Withdrawal,2025-01
1095,2025-01-17,5891,Withdrawal,2025-01
1015,2025-01-18,8883,Deposit,2025-01
1071,2025-01-19,2820,Deposit,2025-01
1075,2025-01-20,9005,Withdrawal,2025-01
1023,2025-01-21,9227,Withdrawal,2025-01
1027,2025-01-22,6147,Deposit,2025-01
1007,2025-01-23,8132,Deposit,2025-01
1091,2025-01-24,101,Withdrawal,2025-01
1035,2025-01-25,6468,Withdrawal,2025-01
1089,2025-01-26,2049,Deposit,2025-01
1007,2025-01-27,6832,Deposit,2025-01
1057,2025-01-28,7933,Deposit,2025-01
1059,2025-01-29,1017,Withdrawal,2025-01
1049,2025-01-30,3274,Deposit,2025-01
1027,2025-01-31,7114,Withdrawal,2025-01
1091,2025-02-01,189,Deposit,2025-02
1040,2025-02-02,1809,Deposit,2025-02
1099,2025-02-03,3141,Deposit,2025-02
1063,2025-02-04,205,Deposit,2025-02
1026,2025-02-05,9178,Withdrawal,2025-02
1062,2025-02-06,8719,Withdrawal,2025-02
1016,2025-02-07,1995,Deposit,2025-02
1072,2025-02-08,6190,Withdrawal,2025-02
1032,2025-02-09,8608,Deposit,2025-02
1083,2025-02-10,6182,Deposit,2025-02
1076,2025-02-11,734,Deposit,2025-02
1091,2025-02-12,2025,Deposit,2025-02
1028,2025-02-13,2156,Withdrawal,2025-02
1012,2025-02-14,7017,Deposit,2025-02
1045,2025-02-15,3244,Deposit,2025-02
1034,2025-02-16,9731,Withdrawal,2025-02
1005,2025-02-17,652,Deposit,2025-02
1081,2025-02-18,9007,Deposit,2025-02
1068,2025-02-19,5483,Deposit,2025-02
1046,2025-02-20,4011,Withdrawal,2025-02
1024,2025-02-21,3489,Deposit,2025-02
1065,2025-02-22,9399,Withdrawal,2025-02
1009,2025-02-23,8542,Deposit,2025-02
1055,2025-02-24,2530,Deposit,2025-02
1029,2025-02-25,558,Withdrawal,2025-02
1004,2025-02-26,307,Deposit,2025-02
1032,2025-02-27,999,Deposit,2025-02
1064,2025-02-28,121,Withdrawal,2025-02
1017,2025-03-01,8701,Withdrawal,2025-03
1095,2025-03-02,994,Withdrawal,2025-03
1048,2025-03-03,614,Withdrawal,2025-03
1010,2025-03-04,7394,Withdrawal,2025-03
1084,2025-03-05,5004,Deposit,2025-03
1025,2025-03-06,7967,Withdrawal,2025-03
1062,2025-03-07,4209,Deposit,2025-03
1088,2025-03-08,7279,Deposit,2025-03
1085,2025-03-09,1660,Deposit,2025-03
1058,2025-03-10,1366,Withdrawal,2025-03
1026,2025-03-11,3738,Withdrawal,2025-03
1048,2025-03-12,9041,Deposit,2025-03
1076,2025-03-13,3527,Withdrawal,2025-03
1032,2025-03-14,4880,Withdrawal,2025-03
1097,2025-03-15,2027,Withdrawal,2025-03
1098,2025-03-16,2456,Withdrawal,2025-03
1000,2025-03-17,4890,Deposit,2025-03
1020,2025-03-18,406,Deposit,2025-03
1054,2025-03-19,8079,Withdrawal,2025-03
1005,2025-03-20,3765,Deposit,2025-03
1091,2025-03-21,7157,Withdrawal,2025-03
1080,2025-03-22,761,Withdrawal,2025-03
1068,2025-03-23,4744,Deposit,2025-03
1094,2025-03-24,8603,Deposit,2025-03
1004,2025-03-25,3020,Deposit,2025-03
1002,2025-03-26,9374,Withdrawal,2025-03
1052,2025-03-27,9046,Deposit,2025-03
1022,2025-03-28,6336,Withdrawal,2025-03
1052,2025-03-29,6178,Deposit,2025-03
1036,2025-03-30,452,Deposit,2025-03
1073,2025-03-31,9194,Withdrawal,2025-03
1073,2025-04-01,7105,Withdrawal,2025-04
1082,2025-04-02,258,Withdrawal,2025-04
1016,2025-04-03,1056,Withdrawal,2025-04
1084,2025-04-04,2171,Withdrawal,2025-04
1077,2025-04-05,8695,Withdrawal,2025-04
1072,2025-04-06,9679,Withdrawal,2025-04
1000,2025-04-07,3553,Withdrawal,2025-04
1050,2025-04-08,6775,Deposit,2025-04
1044,2025-04-09,1055,Withdrawal,2025-04
1076,2025-04-10,6395,Withdrawal,2025-04
1003,2025-04-11,1812,Deposit,2025-04
1061,2025-04-12,4803,Withdrawal,2025-04
1064,2025-04-13,6663,Deposit,2025-04
1031,2025-04-14,9565,Deposit,2025-04
1033,2025-04-15,5731,Withdrawal,2025-04
1091,2025-04-16,9733,Deposit,2025-04
1094,2025-04-17,1494,Withdrawal,2025-04
1071,2025-04-18,9561,Deposit,2025-04
1038,2025-04-19,4832,Deposit,2025-04
1025,2025-04-20,3814,Deposit,2025-04
1033,2025-04-21,629,Withdrawal,2025-04
1053,2025-04-22,3058,Withdrawal,2025-04
1002,2025-04-23,8004,Deposit,2025-04
1049,2025-04-24,3691,Deposit,2025-04
1011,2025-04-25,6995,Withdrawal,2025-04
1064,2025-04-26,9231,Withdrawal,2025-04
1053,2025-04-27,625,Deposit,2025-04
1004,2025-04-28,6577,Deposit,2025-04
1093,2025-04-29,101,Withdrawal,2025-04
1093,2025-04-30,474,Withdrawal,2025-04
1056,2025-05-01,4748,Withdrawal,2025-05
1016,2025-05-02,2465,Withdrawal,2025-05
1046,2025-05-03,1625,Withdrawal,2025-05
1022,2025-05-04,1746,Deposit,2025-05
1078,2025-05-05,113,Withdrawal,2025-05
1084,2025-05-06,4699,Deposit,2025-05
1013,2025-05-07,2378,Withdrawal,2025-05
1065,2025-05-08,3255,Deposit,2025-05
1074,2025-05-09,8421,Withdrawal,2025-05
1050,2025-05-10,3914,Withdrawal,2025-05
1037,2025-05-11,3316,Deposit,2025-05
1063,2025-05-12,8319,Deposit,2025-05
1097,2025-05-13,2213,Withdrawal,2025-05
1037,2025-05-14,9544,Withdrawal,2025-05
1049,2025-05-15,4456,Withdrawal,2025-05
1097,2025-05-16,5643,Withdrawal,2025-05
1081,2025-05-17,4655,Withdrawal,2025-05
1029,2025-05-18,7162,Deposit,2025-05
1078,2025-05-19,3474,Deposit,2025-05
1090,2025-05-20,6530,Withdrawal,2025-05
1050,2025-05-21,3566,Deposit,2025-05
1062,2025-05-22,3181,Deposit,2025-05
1097,2025-05-23,729,Deposit,2025-05
1051,2025-05-24,369,Withdrawal,2025-05
1037,2025-05-25,5824,Deposit,2025-05
1096,2025-05-26,5997,Withdrawal,2025-05
1087,2025-05-27,3532,Deposit,2025-05
1078,2025-05-28,9572,Withdrawal,2025-05
1029,2025-05-29,6376,Deposit,2025-05
1050,2025-05-30,5995,Withdrawal,2025-05
1080,2025-05-31,7215,Withdrawal,2025-05
1004,2025-06-01,6756,Deposit,2025-06
1028,2025-06-02,675,Withdrawal,2025-06
1003,2025-06-03,7129,Withdrawal,2025-06
1009,2025-06-04,6199,Withdrawal,2025-06
1055,2025-06-05,9599,Withdrawal,2025-06
1016,2025-06-06,3292,Withdrawal,2025-06
1073,2025-06-07,3278,Withdrawal,2025-06
1016,2025-06-08,6152,Withdrawal,2025-06
1083,2025-06-09,2834,Withdrawal,2025-06
1087,2025-06-10,6216,Deposit,2025-06
1068,2025-06-11,3668,Deposit,2025-06
1033,2025-06-12,9947,Withdrawal,2025-06
1005,2025-06-13,9871,Withdrawal,2025-06
1052,2025-06-14,2303,Deposit,2025-06
1065,2025-06-15,1490,Deposit,2025-06
1076,2025-06-16,1842,Deposit,2025-06
1042,2025-06-17,2025,Withdrawal,2025-06
1074,2025-06-18,719,Deposit,2025-06
1022,2025-06-19,1374,Withdrawal,2025-06
1054,2025-06-20,1056,Withdrawal,2025-06
1079,2025-06-21,2039,Deposit,2025-06
1094,2025-06-22,4053,Withdrawal,2025-06
1074,2025-06-23,1068,Withdrawal,2025-06
1015,2025-06-24,9608,Withdrawal,2025-06
1007,2025-06-25,9335,Withdrawal,2025-06
1003,2025-06-26,381,Deposit,2025-06
1003,2025-06-27,6362,Deposit,2025-06
1055,2025-06-28,1158,Withdrawal,2025-06
1024,2025-06-29,4393,Withdrawal,2025-06
1066,2025-06-30,5278,Deposit,2025-06
1095,2025-07-01,7080,Withdrawal,2025-07
1066,2025-07-02,9300,Deposit,2025-07
1026,2025-07-03,1329,Withdrawal,2025-07
1092,2025-07-04,9327,Withdrawal,2025-07
1031,2025-07-05,4685,Deposit,2025-07
1049,2025-07-06,8567,Deposit,2025-07
1060,2025-07-07,2840,Deposit,2025-07
1050,2025-07-08,2389,Deposit,2025-07
1018,2025-07-09,1339,Withdrawal,2025-07
1020,2025-07-10,5470,Deposit,2025-07
1004,2025-07-11,225,Withdrawal,2025-07
1081,2025-07-12,7573,Deposit,2025-07
1091,2025-07-13,9500,Deposit,2025-07
1041,2025-07-14,5442,Withdrawal,2025-07
1060,2025-07-15,7451,Deposit,2025-07
1021,2025-07-16,6738,Deposit,2025-07
1020,2025-07-17,6670,Deposit,2025-07
1069,2025-07-18,3349,Deposit,2025-07
1000,2025-07-19,9210,Withdrawal,2025-07
1004,2025-07-20,7695,Withdrawal,2025-07
1011,2025-07-21,6394,Deposit,2025-07
1089,2025-07-22,6627,Deposit,2025-07
1045,2025-07-23,5857,Deposit,2025-07
1033,2025-07-24,2069,Withdrawal,2025-07
1048,2025-07-25,991,Withdrawal,2025-07
1077,2025-07-26,4570,Withdrawal,2025-07
1089,2025-07-27,7275,Withdrawal,2025-07
1044,2025-07-28,9656,Deposit,2025-07
1026,2025-07-29,8420,Deposit,2025-07
1072,2025-07-30,9306,Deposit,2025-07
1025,2025-07-31,6912,Withdrawal,2025-07
1046,2025-08-01,7619,Deposit,2025-08
1085,2025-08-02,4712,Withdrawal,2025-08
1055,2025-08-03,9810,Withdrawal,2025-08
1093,2025-08-04,1298,Deposit,2025-08
1062,2025-08-05,5338,Deposit,2025-08
1047,2025-08-06,6189,Deposit,2025-08
1060,2025-08-07,6357,Withdrawal,2025-08
1080,2025-08-08,7805,Withdrawal,2025-08
1025,2025-08-09,3819,Deposit,2025-08
1035,2025-08-10,402,Deposit,2025-08
1000,2025-08-11,1086,Withdrawal,2025-08
1007,2025-08-12,4540,Deposit,2025-08
1098,2025-08-13,5009,Withdrawal,2025-08
1051,2025-08-14,3172,Withdrawal,2025-08
1078,2025-08-15,3224,Deposit,2025-08
1046,2025-08-16,9619,Deposit,2025-08
1055,2025-08-17,8225,Deposit,2025-08
1085,2025-08-18,3391,Deposit,2025-08
1013,2025-08-19,4133,Withdrawal,2025-08
1089,2025-08-20,5205,Withdrawal,2025-08
1027,2025-08-21,803,Withdrawal,2025-08
1086,2025-08-22,8233,Deposit,2025-08
1077,2025-08-23,674,Withdrawal,2025-08
1087,2025-08-24,5804,Deposit,2025-08
1001,2025-08-25,7948,Deposit,2025-08
1025,2025-08-26,5308,Deposit,2025-08
1013,2025-08-27,7024,Deposit,2025-08
1058,2025-08-28,3928,Deposit,2025-08
1055,2025-08-29,3330,Deposit,2025-08
1006,2025-08-30,588,Withdrawal,2025-08
1002,2025-08-31,7214,Deposit,2025-08
1022,2025-09-01,9639,Withdrawal,2025-09
1017,2025-09-02,3273,Withdrawal,2025-09
1037,2025-09-03,1767,Deposit,2025-09
1098,2025-09-04,9929,Deposit,2025-09
1014,2025-09-05,4214,Deposit,2025-09
1063,2025-09-06,3653,Withdrawal,2025-09
1088,2025-09-07,7861,Deposit,2025-09
1027,2025-09-08,1100,Withdrawal,2025-09
1073,2025-09-09,9142,Deposit,2025-09
1038,2025-09-10,1488,Deposit,2025-09
1056,2025-09-11,5550,Withdrawal,2025-09
1016,2025-09-12,3812,Withdrawal,2025-09
1085,2025-09-13,1467,Deposit,2025-09
1089,2025-09-14,8289,Withdrawal,2025-09
1043,2025-09-15,9113,Withdrawal,2025-09
1024,2025-09-16,554,Withdrawal,2025-09
1016,2025-09-17,9916,Withdrawal,2025-09
1012,2025-09-18,2872,Withdrawal,2025-09
1083,2025-09-19,3826,Deposit,2025-09
1024,2025-09-20,7332,Deposit,2025-09
1067,2025-09-21,4906,Withdrawal,2025-09
1009,2025-09-22,2290,Deposit,2025-09
1066,2025-09-23,9208,Deposit,2025-09
1017,2025-09-24,2975,Withdrawal,2025-09
1099,2025-09-25,5692,Deposit,2025-09
1085,2025-09-26,1540,Withdrawal,2025-09
